<?xml version="1.0" encoding="UTF-8"?>
<beans xmlns="http://www.springframework.org/schema/beans"
       xmlns:xsi="http://www.w3.org/2001/XMLSchema-instance"
       xmlns:context="http://www.springframework.org/schema/context"
       xsi:schemaLocation="http://www.springframework.org/schema/beans
       http://www.springframework.org/schema/beans/spring-beans.xsd
       http://www.springframework.org/schema/context
       http://www.springframework.org/schema/context/spring-context.xsd">

    <!--
    spring和mybatis整合:
           1、数据源
           2、SqlSessionFactory
           3、mapper对象
    -->
    <!--数据源-->
    <!--读取外部配置文件-->
    <context:property-placeholder location="classpath:jdbc.properties" />
    <bean id="dataSource" class="com.alibaba.druid.pool.DruidDataSource">
        <property name="driverClassName" value="${jdbc.driverClassName}"></property>
        <property name="url" value="${jdbc.url}"></property>
        <property name="username" value="${jdbc.username}"></property>
        <property name="password" value="${jdbc.password}"></property>
    </bean>

    <!--SqlSessionFactory-->
    <bean id="SqlSessionFactory" class="org.mybatis.spring.SqlSessionFactoryBean">
        <property name="dataSource" ref="dataSource"></property>
        <property name="typeAliasesPackage" value="com.hnust.pojo"></property>
    </bean>

    <!--mapper-->
    <bean class="org.mybatis.spring.mapper.MapperScannerConfigurer">
        <property name="SqlSessionFactoryBeanName" value="SqlSessionFactory"></property>
        <property name="basePackage" value="com.hnust.mapper"></property>
    </bean>
</beans>