<?xml version="1.0" encoding="UTF-8" ?>
<!DOCTYPE mapper
        PUBLIC "-//mybatis.org//DTD Mapper 3.0//EN"
        "http://mybatis.org/dtd/mybatis-3-mapper.dtd">
<mapper namespace="com.hnust.mapper.CourseMapper">
    <!--查询所有的课程信息-->
    <select id="queryAllCourse" resultType="Course">
        select * from course limit #{curPage},#{pageSize}
    </select>

    <!--新增课程信息-->
    <insert id="addCourse" parameterType="Course"
        keyProperty="id" useGeneratedKeys="true">
        insert into course(name,hours,school,picture)
        values (#{name},#{hours},#{school},#{picture})
    </insert>

    <!--更新课程信息-->
    <update id="updateCourse" parameterType="Course">
        update course set name = #{name},
                          hours = #{hours},
                          school=#{school},
                          picture=#{picture}
        where id=#{id}
    </update>

    <!--删除课程信息-->
    <delete id="deleteCourseById" parameterType="int">
        delete from course where id = #{id}
    </delete>

    <!--查询课程数量-->
    <select id="queryCourseCount"  resultType="int">
        select count(*) from course
    </select>

    <!--根据id查询课程信息-->
    <select id="queryCourseById" resultType="Course">
        select * from course where id = #{id}
    </select>

    <!--根据名字查询课程信息-->
    <select id="queryCourseByName"  resultType="Course">
        select * from course
        <where>
            <if test="name != null and name != ''">
                name like concat('%',#{name},'%')
            </if>
        </where>
        limit #{curPage},#{pageSize}
    </select>

    <!--根据名字查询课程数目-->
    <select id="queryCourseCountByName"  resultType="int">
        select count(*)
        from course
        <where>
            <if test="name != null and name != ''">
                name like concat('%',#{name},'%')
            </if>
        </where>
    </select>


    <insert id="insertSelective" parameterType="Course">
        insert into course
        <trim prefix="(" suffix=")" suffixOverrides=",">
            <if test="id != null">
                id,
            </if>
            <if test="name != null">
                name,
            </if>
            <if test="hours != null">
                hours,
            </if>
            <if test="school != null">
                school,
            </if>
            <if test="picture != null">
                picture,
            </if>
        </trim>
        <trim prefix="values (" suffix=")" suffixOverrides=",">
            <if test="id != null">
                #{id,jdbcType=INTEGER},
            </if>
            <if test="name != null">
                #{name,jdbcType=VARCHAR},
            </if>
            <if test="hours != null">
                #{hours,jdbcType=INTEGER},
            </if>
            <if test="school != null">
                #{school,jdbcType=VARCHAR},
            </if>
            <if test="picture != null">
                #{picture,jdbcType=VARCHAR},
            </if>
        </trim>
    </insert>

    <update id="updateByIdSelective" parameterType="Course">
        update course
        <set>
            <if test="name != null">
                name = #{name,jdbcType=VARCHAR},
            </if>
            <if test="hours != null">
                hours = #{hours,jdbcType=INTEGER},
            </if>
            <if test="school != null">
                school = #{school,jdbcType=VARCHAR},
            </if>
            <if test="picture != null">
                picture = #{picture,jdbcType=VARCHAR},
            </if>
        </set>
        where id = #{id,jdbcType=INTEGER}
    </update>
</mapper>